metodo_variante,algoritmo,map_id,status,found,path_cost,expanded_nodes,generated_nodes,max_frontier_size,reason
bfs,bfs,tests_publicos\maps\P01.txt,ALLOW,True,1.0,2,2,1,Busca finalizada
bfs,bfs,tests_publicos\maps\P02.txt,ALLOW,True,2.0,3,3,1,Busca finalizada
bfs,bfs,tests_publicos\maps\P03.txt,ALLOW,False,0.0,1,1,1,Busca finalizada
bfs,bfs,tests_publicos\maps\P04.txt,ALLOW,True,10.0,5,6,2,Busca finalizada
bfs,bfs,tests_publicos\maps\P05.txt,ALLOW,True,4.0,8,8,2,Busca finalizada
bfs,bfs,tests_publicos\maps\P06.txt,ALLOW,True,6.0,12,12,2,Busca finalizada
ucs,ucs,tests_publicos\maps\P01.txt,ALLOW,True,1.0,2,2,1,Busca finalizada
ucs,ucs,tests_publicos\maps\P02.txt,ALLOW,True,2.0,3,3,1,Busca finalizada
ucs,ucs,tests_publicos\maps\P03.txt,ALLOW,False,0.0,1,1,1,Busca finalizada
ucs,ucs,tests_publicos\maps\P04.txt,ALLOW,True,4.0,5,6,2,Busca finalizada
ucs,ucs,tests_publicos\maps\P05.txt,ALLOW,True,4.0,8,8,2,Busca finalizada
ucs,ucs,tests_publicos\maps\P06.txt,ALLOW,True,6.0,12,12,2,Busca finalizada
dfs,dfs,tests_publicos\maps\P01.txt,ALLOW,True,1.0,2,2,1,Busca finalizada
dfs,dfs,tests_publicos\maps\P02.txt,ALLOW,True,2.0,3,3,1,Busca finalizada
dfs,dfs,tests_publicos\maps\P03.txt,ALLOW,False,0.0,1,1,1,Busca finalizada
dfs,dfs,tests_publicos\maps\P04.txt,ALLOW,True,10.0,3,5,3,Busca finalizada
dfs,dfs,tests_publicos\maps\P05.txt,ALLOW,True,4.0,5,6,2,Busca finalizada
dfs,dfs,tests_publicos\maps\P06.txt,ALLOW,True,6.0,7,8,2,Busca finalizada
greedy_manhattan,greedy,tests_publicos\maps\P01.txt,ALLOW,True,1.0,2,2,1,Busca finalizada
greedy_manhattan,greedy,tests_publicos\maps\P02.txt,ALLOW,True,2.0,3,3,1,Busca finalizada
greedy_manhattan,greedy,tests_publicos\maps\P03.txt,ALLOW,False,0.0,1,1,1,Busca finalizada
greedy_manhattan,greedy,tests_publicos\maps\P04.txt,ALLOW,True,10.0,3,5,3,Busca finalizada
greedy_manhattan,greedy,tests_publicos\maps\P05.txt,ALLOW,True,4.0,5,6,2,Busca finalizada
greedy_manhattan,greedy,tests_publicos\maps\P06.txt,ALLOW,True,6.0,7,8,2,Busca finalizada
astar_h0,astar,tests_publicos\maps\P01.txt,ALLOW,True,1.0,2,2,1,Busca finalizada
astar_h0,astar,tests_publicos\maps\P02.txt,ALLOW,True,2.0,3,3,1,Busca finalizada
astar_h0,astar,tests_publicos\maps\P03.txt,ALLOW,False,0.0,1,1,1,Busca finalizada
astar_h0,astar,tests_publicos\maps\P04.txt,ALLOW,True,4.0,5,6,2,Busca finalizada
astar_h0,astar,tests_publicos\maps\P05.txt,ALLOW,True,4.0,8,8,2,Busca finalizada
astar_h0,astar,tests_publicos\maps\P06.txt,ALLOW,True,6.0,12,12,2,Busca finalizada
astar_manhattan,astar,tests_publicos\maps\P01.txt,ALLOW,True,1.0,2,2,1,Busca finalizada
astar_manhattan,astar,tests_publicos\maps\P02.txt,ALLOW,True,2.0,3,3,1,Busca finalizada
astar_manhattan,astar,tests_publicos\maps\P03.txt,ALLOW,False,0.0,1,1,1,Busca finalizada
astar_manhattan,astar,tests_publicos\maps\P04.txt,ALLOW,True,4.0,5,6,2,Busca finalizada
astar_manhattan,astar,tests_publicos\maps\P05.txt,ALLOW,True,4.0,8,8,2,Busca finalizada
astar_manhattan,astar,tests_publicos\maps\P06.txt,ALLOW,True,6.0,12,12,2,Busca finalizada
